BEGIN TRANSACTION;

INSERT INTO users (username,password_hash,role) VALUES ('user','$2a$08$UkVvwpULis18S19S5pZFn.YHPZt3oaqHZnDwqbCW9pft6uFtkXKDC','ROLE_USER');
INSERT INTO users (username,password_hash,role) VALUES ('admin','$2a$08$UkVvwpULis18S19S5pZFn.YHPZt3oaqHZnDwqbCW9pft6uFtkXKDC','ROLE_ADMIN');
INSERT INTO users (username,password_hash,role) VALUES
('MovieManiac22','$2a$08$UkVvwpULis18S19S5pZFn.YHPZt3oaqHZnDwqbCW9pft6uFtkXKDC','ROLE_USER'),
('FilmFanatic99','$2a$08$UkVvwpULis18S19S5pZFn.YHPZt3oaqHZnDwqbCW9pft6uFtkXKDC','ROLE_USER'),
('SilverScreenAddict','$2a$08$UkVvwpULis18S19S5pZFn.YHPZt3oaqHZnDwqbCW9pft6uFtkXKDC','ROLE_USER'),
('ReelReviewer77','$2a$08$UkVvwpULis18S19S5pZFn.YHPZt3oaqHZnDwqbCW9pft6uFtkXKDC','ROLE_USER'),
('FlicksFan88','$2a$08$UkVvwpULis18S19S5pZFn.YHPZt3oaqHZnDwqbCW9pft6uFtkXKDC','ROLE_USER'),
('CinematicJunkie22','$2a$08$UkVvwpULis18S19S5pZFn.YHPZt3oaqHZnDwqbCW9pft6uFtkXKDC','ROLE_USER'),
('ScreenQueen76','$2a$08$UkVvwpULis18S19S5pZFn.YHPZt3oaqHZnDwqbCW9pft6uFtkXKDC','ROLE_USER'),
('CinemaSavvy99','$2a$08$UkVvwpULis18S19S5pZFn.YHPZt3oaqHZnDwqbCW9pft6uFtkXKDC','ROLE_USER'),
('BlockbusterBuff23','$2a$08$UkVvwpULis18S19S5pZFn.YHPZt3oaqHZnDwqbCW9pft6uFtkXKDC','ROLE_USER'),
('MovieMagic44','$2a$08$UkVvwpULis18S19S5pZFn.YHPZt3oaqHZnDwqbCW9pft6uFtkXKDC','ROLE_USER'),
('CinemaCritic22','$2a$08$UkVvwpULis18S19S5pZFn.YHPZt3oaqHZnDwqbCW9pft6uFtkXKDC','ROLE_USER'),
('FilmReviewer99','$2a$08$UkVvwpULis18S19S5pZFn.YHPZt3oaqHZnDwqbCW9pft6uFtkXKDC','ROLE_USER'),
('MovieMaven55','$2a$08$UkVvwpULis18S19S5pZFn.YHPZt3oaqHZnDwqbCW9pft6uFtkXKDC','ROLE_USER'),
('MovieMaster77','$2a$08$UkVvwpULis18S19S5pZFn.YHPZt3oaqHZnDwqbCW9pft6uFtkXKDC','ROLE_USER'),
('FilmAficionado22','$2a$08$UkVvwpULis18S19S5pZFn.YHPZt3oaqHZnDwqbCW9pft6uFtkXKDC','ROLE_USER'),
('MovieMania99','$2a$08$UkVvwpULis18S19S5pZFn.YHPZt3oaqHZnDwqbCW9pft6uFtkXKDC','ROLE_USER'),
('CinemaLover44','$2a$08$UkVvwpULis18S19S5pZFn.YHPZt3oaqHZnDwqbCW9pft6uFtkXKDC','ROLE_USER'),
('FilmFan99','$2a$08$UkVvwpULis18S19S5pZFn.YHPZt3oaqHZnDwqbCW9pft6uFtkXKDC','ROLE_USER'),
('MovieCritic22','$2a$08$UkVvwpULis18S19S5pZFn.YHPZt3oaqHZnDwqbCW9pft6uFtkXKDC','ROLE_USER'),
('FilmBuff77','$2a$08$UkVvwpULis18S19S5pZFn.YHPZt3oaqHZnDwqbCW9pft6uFtkXKDC','ROLE_USER'),
('Cinephile99','$2a$08$UkVvwpULis18S19S5pZFn.YHPZt3oaqHZnDwqbCW9pft6uFtkXKDC','ROLE_USER'),
('MovieReviewer22','$2a$08$UkVvwpULis18S19S5pZFn.YHPZt3oaqHZnDwqbCW9pft6uFtkXKDC','ROLE_USER'),
('FilmFreak88','$2a$08$UkVvwpULis18S19S5pZFn.YHPZt3oaqHZnDwqbCW9pft6uFtkXKDC','ROLE_USER'),
('CinemaAddict55','$2a$08$UkVvwpULis18S19S5pZFn.YHPZt3oaqHZnDwqbCW9pft6uFtkXKDC','ROLE_USER'),
('Tom Hanks','$2a$08$UkVvwpULis18S19S5pZFn.YHPZt3oaqHZnDwqbCW9pft6uFtkXKDC','ROLE_USER'),
('Ronald Reagan','$2a$08$UkVvwpULis18S19S5pZFn.YHPZt3oaqHZnDwqbCW9pft6uFtkXKDC','ROLE_USER'),
('yearlyreview2','$2a$08$UkVvwpULis18S19S5pZFn.YHPZt3oaqHZnDwqbCW9pft6uFtkXKDC','ROLE_USER'),
('BILLYMAYESHERE','$2a$08$UkVvwpULis18S19S5pZFn.YHPZt3oaqHZnDwqbCW9pft6uFtkXKDC','ROLE_USER'),
('googlecalendar','$2a$08$UkVvwpULis18S19S5pZFn.YHPZt3oaqHZnDwqbCW9pft6uFtkXKDC','ROLE_USER'),
('7000thSamurai','$2a$08$UkVvwpULis18S19S5pZFn.YHPZt3oaqHZnDwqbCW9pft6uFtkXKDC','ROLE_USER'),
('HJKlmao','$2a$08$UkVvwpULis18S19S5pZFn.YHPZt3oaqHZnDwqbCW9pft6uFtkXKDC','ROLE_USER'),
('stevenseagal','$2a$08$UkVvwpULis18S19S5pZFn.YHPZt3oaqHZnDwqbCW9pft6uFtkXKDC','ROLE_USER'),
('johnCena','$2a$08$UkVvwpULis18S19S5pZFn.YHPZt3oaqHZnDwqbCW9pft6uFtkXKDC','ROLE_USER'),
('AddedTheSaltedFire','$2a$08$UkVvwpULis18S19S5pZFn.YHPZt3oaqHZnDwqbCW9pft6uFtkXKDC','ROLE_USER'),
('greendragon101','$2a$08$UkVvwpULis18S19S5pZFn.YHPZt3oaqHZnDwqbCW9pft6uFtkXKDC','ROLE_USER'),
('exodia','$2a$08$UkVvwpULis18S19S5pZFn.YHPZt3oaqHZnDwqbCW9pft6uFtkXKDC','ROLE_USER'),
('iopuyjgtfd','$2a$08$UkVvwpULis18S19S5pZFn.YHPZt3oaqHZnDwqbCW9pft6uFtkXKDC','ROLE_USER'),
('VEGETA','$2a$08$UkVvwpULis18S19S5pZFn.YHPZt3oaqHZnDwqbCW9pft6uFtkXKDC','ROLE_USER'),
('Bobby Tables','$2a$08$UkVvwpULis18S19S5pZFn.YHPZt3oaqHZnDwqbCW9pft6uFtkXKDC','ROLE_USER'),
(' ','$2a$08$UkVvwpULis18S19S5pZFn.YHPZt3oaqHZnDwqbCW9pft6uFtkXKDC','ROLE_USER'),
('f','$2a$08$UkVvwpULis18S19S5pZFn.YHPZt3oaqHZnDwqbCW9pft6uFtkXKDC','ROLE_USER'),
('openAI','$2a$08$UkVvwpULis18S19S5pZFn.YHPZt3oaqHZnDwqbCW9pft6uFtkXKDC','ROLE_USER'),
('ChatGPT','$2a$08$UkVvwpULis18S19S5pZFn.YHPZt3oaqHZnDwqbCW9pft6uFtkXKDC','ROLE_USER'),
('reviewer','$2a$08$UkVvwpULis18S19S5pZFn.YHPZt3oaqHZnDwqbCW9pft6uFtkXKDC','ROLE_USER'),
('symbiotic','$2a$08$UkVvwpULis18S19S5pZFn.YHPZt3oaqHZnDwqbCW9pft6uFtkXKDC','ROLE_USER'),
('Necromantic','$2a$08$UkVvwpULis18S19S5pZFn.YHPZt3oaqHZnDwqbCW9pft6uFtkXKDC','ROLE_USER'),
('testUser3','$2a$08$UkVvwpULis18S19S5pZFn.YHPZt3oaqHZnDwqbCW9pft6uFtkXKDC','ROLE_USER'),
('MYREVIEWSAREFINAL','$2a$08$UkVvwpULis18S19S5pZFn.YHPZt3oaqHZnDwqbCW9pft6uFtkXKDC','ROLE_USER'),
('nocapswhy','$2a$08$UkVvwpULis18S19S5pZFn.YHPZt3oaqHZnDwqbCW9pft6uFtkXKDC','ROLE_USER'),
('addsalttoencryption','$2a$08$UkVvwpULis18S19S5pZFn.YHPZt3oaqHZnDwqbCW9pft6uFtkXKDC','ROLE_USER');


--adds values from prior users into account db also
INSERT INTO accounts(account_id) VALUES (1);
INSERT INTO accounts(account_id) VALUES (2),(3),(4),(5),(6),(7),(8),(9),(10),(11),(12),(13),(14),(15),(16),(17),(18),(19),(20),(21),(22),(23),(24),(25),(26)
,(27),(28),(29),(30),(31),(32),(33),(34),(35),(36),(37),(38),(39),(40),(41),(42),(43),(44),(45),(46),(47),(48),(49),(50),(51);

--user test data
INSERT INTO favorites (account_id, movie_id) VALUES (1, 10);
INSERT INTO favorites (account_id, movie_id) VALUES (1, 5);
INSERT INTO favorites (account_id, movie_id) VALUES (1, 2);
INSERT INTO favorites (account_id, movie_id) VALUES (1,4);

INSERT INTO favorite_genres (account_id, genre_id) VALUES (1, 3);
INSERT INTO favorite_genres (account_id, genre_id) VALUES (1, 2);
INSERT INTO favorite_genres (account_id, genre_id) VALUES (1, 5);


--even more test data
INSERT INTO reviews(account_id, rating, review, movie_id) VALUES (1, 5, 'Awesome job, great movie!! I would give it more if I could!!!!', 7);
INSERT INTO reviews(account_id, rating, review, movie_id) VALUES (1, 1, 'This was the absolute worst piece of trash movie Ive ever seen in my life. Please give me my time back.', 3);
INSERT INTO reviews(account_id, rating, review, movie_id) VALUES (2, 4, 'Yeah it was pretty good. Dont listen to the haters even if its controversial, they just didnt get it.', 3);
INSERT INTO reviews(account_id, rating, review, movie_id) VALUES (1, 3, 'A pretty cool adventure story, but isnt really to miss by not watching it.', 2);
INSERT INTO reviews(account_id, rating, review, movie_id) VALUES
(3, 4, 'A gripping and suspenseful thriller with unexpected twists. The acting was phenomenal, and the storyline kept me on the edge of my seat throughout the entire movie.', 1),
(4, 5, 'Absolutely breathtaking! This movie is a masterpiece. The visuals, the acting, the storyline - everything is just perfect. A must-watch for everyone.', 2),
(5, 3, 'Decent movie with some flaws. The plot was interesting, but the execution could have been better. Acting was decent, but nothing extraordinary.', 3),
(6, 2, 'Disappointing. I had high expectations for this movie, but it fell flat. The storyline was confusing, and the acting felt forced. Wouldn''t recommend it.', 4),
(7, 5, 'A heartwarming tale that will leave you smiling. The chemistry between the characters is palpable, and the message of the movie is powerful. Loved every minute of it.', 5),
(8, 4, 'An adrenaline-pumping action movie with breathtaking stunts and jaw-dropping visuals. The storyline is a bit cliché, but the execution makes up for it. Highly recommended for action lovers.', 6),
(9, 1, 'Terrible movie. The acting was wooden, and the plot was nonsensical. I couldn''t wait for it to end. Definitely one to skip.', 7),
(10, 3, 'Average movie with some entertaining moments. The plot was predictable, but the humor landed well. A decent watch for a lazy afternoon.', 8),
(11, 5, 'An absolute delight from start to finish. This movie is pure magic. The performances are outstanding, and the story is deeply moving. A cinematic gem that deserves all the praise.', 9),
(12, 4, 'A thought-provoking movie that stays with you long after the credits roll. The acting is superb, and the storyline is both captivating and poignant. Highly recommended for those who enjoy intelligent cinema.', 10),
(13, 2, 'Meh. This movie didn''t leave much of an impression. The plot was forgettable, and the acting was mediocre at best. Wouldn''t bother watching it again.', 11),
(14, 3, 'A decent effort with some standout moments. The visuals are stunning, but the plot feels a bit disjointed at times. Worth watching for the special effects alone.', 12),
(15, 5, 'Incredible! This movie exceeded all my expectations. The cinematography is breathtaking, and the performances are top-notch. A true masterpiece that everyone should experience.', 13),
(16, 4, 'A captivating thriller that keeps you guessing until the very end. The twists and turns in the plot are expertly executed, and the performances are stellar. Highly recommended for fans of the genre.', 14),
(17, 3, 'Not bad, but not great either. The plot is intriguing, but it lacks depth. The performances are decent, but nothing remarkable. A passable movie for a lazy evening.', 15),
(18, 2, 'Disappointing. I had high hopes for this movie, but it failed to deliver. The storyline is confusing, and the characters are poorly developed. Not worth the hype.', 16),
(19, 4, 'A heartwarming tale of friendship and adventure. The characters are lovable, and the animation is stunning. A feel-good movie for audiences of all ages.', 17),
(20, 5, 'Wow! This movie blew me away. The visuals are out of this world, and the storyline is incredibly gripping. A cinematic experience like no other.', 18),
(21, 3, 'An entertaining ride with some thrilling moments. The plot is a bit formulaic, but the action sequences are well-executed. Worth watching for some mindless fun.', 19),
(22, 4, 'An intense and gripping drama that explores complex themes with nuance. The performances are outstanding, and the direction is impeccable. A must-watch for serious cinephiles.', 20),
(23, 1, 'Absolutely dreadful. This movie is a complete waste of time. The plot is nonsensical, and the acting is atrocious. Avoid at all costs.', 22),
(24, 3, 'Not bad for a rainy day watch. The plot is a bit predictable, but the humor lands well. A decent choice if you''re looking for something light-hearted.', 23),
(25, 5, 'Simply stunning! This movie is a work of art. The cinematography is breathtaking, and the performances are unforgettable. A true masterpiece that will stay with you long after it''s over.', 24),
(26, 4, 'An edge-of-your-seat thriller that keeps you guessing until the very end. The twists and turns in the plot are expertly crafted, and the performances are stellar. Highly recommended.', 25),
(3, 3, 'An enjoyable movie with some heartwarming moments. The plot is a bit predictable, but the performances are solid. Worth watching for a feel-good experience.', 26),
(4, 2, 'Disappointing. The plot was promising, but it quickly loses steam. The characters are one-dimensional, and the acting is subpar. Wouldn''t recommend it.', 27),
(5, 5, 'Absolutely phenomenal! This movie is a masterpiece in every sense. The storytelling is captivating, the performances are flawless, and the visuals are breathtaking. A must-watch for everyone.', 28),
(6, 4, 'A gripping and suspenseful thriller that keeps you on the edge of your seat from start to finish. The plot twists are unexpected, and the performances are outstanding. Highly recommended.', 29),
(7, 3, 'Decent movie with some entertaining moments. The plot is a bit thin, but the humor lands well. A good choice for a casual movie night.', 30),
(8, 2, 'Meh. This movie didn''t leave much of an impression. The plot was forgettable, and the acting was uninspired. Wouldn''t bother watching it again.', 31),
(9, 4, 'A heartwarming tale that will leave you with a smile on your face. The characters are lovable, and the storyline is charming. A feel-good movie for audiences of all ages.', 32),
(10, 5, 'A cinematic masterpiece that transcends genres. The storytelling is powerful, the visuals are breathtaking, and the performances are unforgettable. A must-watch for every cinephile.', 33),
(11, 3, 'Not bad, but not great either. The plot is interesting, but it lacks depth. The performances are decent, but nothing remarkable. A passable movie for a lazy evening.', 34),
(12, 4, 'An intense and gripping thriller that will keep you on the edge of your seat. The plot twists are unexpected, and the performances are stellar. Highly recommended for fans of the genre.', 35),
(13, 5, 'Wow! This movie blew me away. The cinematography is breathtaking, and the storyline is incredibly gripping. A true masterpiece that everyone should experience at least once.', 36),
(14, 4, 'A thought-provoking drama that stays with you long after the credits roll. The performances are outstanding, and the storyline is both captivating and poignant. Highly recommended.', 37),
(15, 3, 'An enjoyable ride with some thrilling moments. The plot is a bit formulaic, but the action sequences are well-executed. Worth watching for some mindless fun.', 38),
(16, 2, 'Disappointing. I had high hopes for this movie, but it failed to deliver. The storyline is confusing, and the characters are poorly developed. Not worth the hype.', 39),
(17, 5, 'Absolutely breathtaking! This movie is a visual feast for the eyes. The cinematography is stunning, and the performances are top-notch. A must-watch for every film enthusiast.', 40),
(18, 4, 'A gripping and intense thriller that will keep you guessing until the very end. The plot twists are unexpected, and the performances are outstanding. Highly recommended.', 41),
(19, 3, 'An entertaining movie with some memorable moments. The plot is a bit predictable, but the humor lands well. A good choice for a casual movie night with friends.', 42),
(20, 2, 'Meh. This movie didn''t leave much of an impression. The plot was forgettable, and the acting was uninspired. Wouldn''t bother watching it again.', 43),
(21, 4, 'An emotional rollercoaster from start to finish. The performances are stellar, and the storyline is deeply moving. A cinematic masterpiece that deserves all the praise.', 1),
(22, 5, 'Incredible! This movie exceeded all my expectations. The storytelling is powerful, the visuals are breathtaking, and the performances are unforgettable. A true masterpiece.', 2),
(23, 3, 'Decent movie with some entertaining moments. The plot is a bit thin, but the humor lands well. A good choice for a casual movie night.', 3),
(24, 2, 'Disappointing. The plot was promising, but it quickly loses steam. The characters are one-dimensional, and the acting is subpar. Wouldn''t recommend it.', 4),
(25, 5, 'Absolutely phenomenal! This movie is a masterpiece in every sense. The storytelling is captivating, the performances are flawless, and the visuals are breathtaking. A must-watch for everyone.', 5),
(26, 4, 'A gripping and suspenseful thriller that keeps you on the edge of your seat from start to finish. The plot twists are unexpected, and the performances are outstanding. Highly recommended.', 6),
(3, 3, 'Not bad, but not great either. The plot is interesting, but it lacks depth. The performances are decent, but nothing remarkable. A passable movie for a lazy evening.', 7),
(4, 4, 'An intense and gripping drama that will keep you on the edge of your seat. The plot twists are unexpected, and the performances are stellar. Highly recommended for fans of the genre.', 8),
(5, 5, 'Wow! This movie blew me away. The cinematography is breathtaking, and the storyline is incredibly gripping. A true masterpiece that everyone should experience at least once.', 9),
(6, 4, 'A thought-provoking drama that stays with you long after the credits roll. The performances are outstanding, and the storyline is both captivating and poignant. Highly recommended.', 10),
(7, 3, 'An enjoyable ride with some thrilling moments. The plot is a bit formulaic, but the action sequences are well-executed. Worth watching for some mindless fun.', 11),
(8, 2, 'Disappointing. I had high hopes for this movie, but it failed to deliver. The storyline is confusing, and the characters are poorly developed. Not worth the hype.', 12),
(9, 5, 'Absolutely breathtaking! This movie is a visual feast for the eyes. The cinematography is stunning, and the performances are top-notch. A must-watch for every film enthusiast.', 13),
(10, 4, 'A gripping and intense thriller that will keep you guessing until the very end. The plot twists are unexpected, and the performances are outstanding. Highly recommended.', 14),
(11, 3, 'An entertaining movie with some memorable moments. The plot is a bit predictable, but the humor lands well. A good choice for a casual movie night with friends.', 15),
(12, 2, 'Meh. This movie didn''t leave much of an impression. The plot was forgettable, and the acting was uninspired. Wouldn''t bother watching it again.', 16),
(13, 4, 'An emotional rollercoaster from start to finish. The performances are stellar, and the storyline is deeply moving. A cinematic masterpiece that deserves all the praise.', 17),
(14, 5, 'Incredible! This movie exceeded all my expectations. The storytelling is powerful, the visuals are breathtaking, and the performances are unforgettable. A true masterpiece.', 18),
(15, 3, 'Decent movie with some entertaining moments. The plot is a bit thin, but the humor lands well. A good choice for a casual movie night.', 19),
(16, 2, 'Disappointing. The plot was promising, but it quickly loses steam. The characters are one-dimensional, and the acting is subpar. Wouldn''t recommend it.', 20),
(17, 5, 'Absolutely phenomenal! This movie is a masterpiece in every sense. The storytelling is captivating, the performances are flawless, and the visuals are breathtaking. A must-watch for everyone.', 21),
(18, 4, 'A gripping and intense thriller that will keep you guessing until the very end. The plot twists are unexpected, and the performances are outstanding. Highly recommended.', 22),
(19, 3, 'An entertaining movie with some memorable moments. The plot is a bit predictable, but the humor lands well. A good choice for a casual movie night with friends.', 23),
(20, 4, 'An intense and gripping drama that will keep you on the edge of your seat. The plot twists are unexpected, and the performances are stellar. Highly recommended for fans of the genre.', 24),
(21, 5, 'Wow! This movie blew me away. The cinematography is breathtaking, and the storyline is incredibly gripping. A true masterpiece that everyone should experience at least once.', 25),
(22, 4, 'A thought-provoking drama that stays with you long after the credits roll. The performances are outstanding, and the storyline is both captivating and poignant. Highly recommended.', 26),
(23, 3, 'An enjoyable ride with some thrilling moments. The plot is a bit formulaic, but the action sequences are well-executed. Worth watching for some mindless fun.', 27),
(24, 2, 'Disappointing. I had high hopes for this movie, but it failed to deliver. The storyline is confusing, and the characters are poorly developed. Not worth the hype.', 28),
(25, 5, 'Absolutely breathtaking! This movie is a visual feast for the eyes. The cinematography is stunning, and the performances are top-notch. A must-watch for every film enthusiast.', 29),
(26, 4, 'A gripping and intense thriller that will keep you guessing until the very end. The plot twists are unexpected, and the performances are outstanding. Highly recommended.', 30),
(3, 3, 'An entertaining movie with some memorable moments. The plot is a bit predictable, but the humor lands well. A good choice for a casual movie night with friends.', 31),
(4, 2, 'Meh. This movie didn''t leave much of an impression. The plot was forgettable, and the acting was uninspired. Wouldn''t bother watching it again.', 32),
(5, 5, 'Absolutely phenomenal! This movie is a masterpiece in every sense. The storytelling is captivating, the performances are flawless, and the visuals are breathtaking. A must-watch for everyone.', 33),
(6, 4, 'A gripping and suspenseful thriller that keeps you on the edge of your seat from start to finish. The plot twists are unexpected, and the performances are outstanding. Highly recommended.', 34),
(7, 3, 'Decent movie with some entertaining moments. The plot is a bit thin, but the humor lands well. A good choice for a casual movie night.', 35),
(8, 2, 'Disappointing. I had high hopes for this movie, but it failed to deliver. The storyline is confusing, and the characters are poorly developed. Not worth the hype.', 36),
(9, 5, 'Absolutely breathtaking! This movie is a visual feast for the eyes. The cinematography is stunning, and the performances are top-notch. A must-watch for every film enthusiast.', 37),
(10, 4, 'A gripping and intense thriller that will keep you guessing until the very end. The plot twists are unexpected, and the performances are outstanding. Highly recommended.', 38),
(11, 3, 'An entertaining movie with some memorable moments. The plot is a bit predictable, but the humor lands well. A good choice for a casual movie night with friends.', 39),
(12, 2, 'Meh. This movie didn''t leave much of an impression. The plot was forgettable, and the acting was uninspired. Wouldn''t bother watching it again.', 40),
(13, 4, 'An emotional rollercoaster from start to finish. The performances are stellar, and the storyline is deeply moving. A cinematic masterpiece that deserves all the praise.', 41),
(14, 5, 'Incredible! This movie exceeded all my expectations. The storytelling is powerful, the visuals are breathtaking, and the performances are unforgettable. A true masterpiece.', 42),
(15, 3, 'Decent movie with some entertaining moments. The plot is a bit thin, but the humor lands well. A good choice for a casual movie night.', 43);


COMMIT TRANSACTION;
